year,series,series_label,value
1895,annual,Annual average,-0.120833333
1896,annual,Annual average,0.2225
1897,annual,Annual average,-0.4475
1898,annual,Annual average,0.100833333
1899,annual,Annual average,0.025833333
1900,annual,Annual average,-0.05
1901,annual,Annual average,-1.149166667
1902,annual,Annual average,-0.84
1903,annual,Annual average,1.703333333
1904,annual,Annual average,-0.030833333
1905,annual,Annual average,1.548333333
1906,annual,Annual average,3.598333333
1907,annual,Annual average,4.304166667
1908,annual,Annual average,3.3625
1909,annual,Annual average,1.813333333
1910,annual,Annual average,-2.480833333
1911,annual,Annual average,-2.404166667
1912,annual,Annual average,2.626666667
1913,annual,Annual average,0.485833333
1914,annual,Annual average,-0.275
1915,annual,Annual average,2.0975
1916,annual,Annual average,2.396666667
1917,annual,Annual average,-0.645
1918,annual,Annual average,-2.930833333
1919,annual,Annual average,1.765833333
1920,annual,Annual average,3.4625
1921,annual,Annual average,-0.548333333
1922,annual,Annual average,-0.473333333
1923,annual,Annual average,1.143333333
1924,annual,Annual average,-0.380833333
1925,annual,Annual average,-2.06
1926,annual,Annual average,0.418333333
1927,annual,Annual average,2.836666667
1928,annual,Annual average,2.780833333
1929,annual,Annual average,1.094166667
1930,annual,Annual average,-1.991666667
1931,annual,Annual average,-4.184166667
1932,annual,Annual average,0.075
1933,annual,Annual average,-1.041666667
1934,annual,Annual average,-6.69
1935,annual,Annual average,-3.119166667
1936,annual,Annual average,-3.538333333
1937,annual,Annual average,-2.320833333
1938,annual,Annual average,0.0725
1939,annual,Annual average,-2.885833333
1940,annual,Annual average,-4.25
1941,annual,Annual average,1.658333333
1942,annual,Annual average,3.1925
1943,annual,Annual average,0.890833333
1944,annual,Annual average,-0.148333333
1945,annual,Annual average,2.056666667
1946,annual,Annual average,2.37
1947,annual,Annual average,2.135
1948,annual,Annual average,0.815
1949,annual,Annual average,1.245
1950,annual,Annual average,1.328333333
1951,annual,Annual average,1.684166667
1952,annual,Annual average,-0.925833333
1953,annual,Annual average,-2.865833333
1954,annual,Annual average,-4.330833333
1955,annual,Annual average,-4.458333333
1956,annual,Annual average,-3.586666667
1957,annual,Annual average,0.9175
1958,annual,Annual average,2.7425
1959,annual,Annual average,-0.34
1960,annual,Annual average,0.011666667
1961,annual,Annual average,0.893333333
1962,annual,Annual average,0.013333333
1963,annual,Annual average,-2.934166667
1964,annual,Annual average,-1.065833333
1965,annual,Annual average,0.705833333
1966,annual,Annual average,-1.758333333
1967,annual,Annual average,0.436666667
1968,annual,Annual average,1.800833333
1969,annual,Annual average,2.4975
1970,annual,Annual average,0.740833333
1971,annual,Annual average,0.61
1972,annual,Annual average,1.975
1973,annual,Annual average,4.836666667
1974,annual,Annual average,3.473333333
1975,annual,Annual average,3.718333333
1976,annual,Annual average,-0.351666667
1977,annual,Annual average,-1.149166667
1978,annual,Annual average,0.916666667
1979,annual,Annual average,2.226666667
1980,annual,Annual average,-0.4
1981,annual,Annual average,-0.756666667
1982,annual,Annual average,3.365833333
1983,annual,Annual average,5.005833333
1984,annual,Annual average,3.949166667
1985,annual,Annual average,0.964166667
1986,annual,Annual average,2.136666667
1987,annual,Annual average,-0.5625
1988,annual,Annual average,-3.496666667
1989,annual,Annual average,-0.8475
1990,annual,Annual average,0.03
1991,annual,Annual average,1.154166667
1992,annual,Annual average,1.183333333
1993,annual,Annual average,4.370833333
1994,annual,Annual average,2.144166667
1995,annual,Annual average,2.795833333
1996,annual,Annual average,2.795833333
1997,annual,Annual average,4.301666667
1998,annual,Annual average,1.55
1999,annual,Annual average,-0.145
2000,annual,Annual average,-4.438333333
2001,annual,Annual average,-2.87
2002,annual,Annual average,-2.06
2003,annual,Annual average,0.583333333
2004,annual,Annual average,1.310833333
2005,annual,Annual average,0.093333333
2006,annual,Annual average,-2.205833333
2007,annual,Annual average,-1.644166667
2008,annual,Annual average,0.351666667
2009,annual,Annual average,1.251666667
2010,annual,Annual average,3.053333333
2011,annual,Annual average,-0.158333333
2012,annual,Annual average,-4.0025
2013,annual,Annual average,-0.226666667
2014,annual,Annual average,1.2325
2015,annual,Annual average,1.17
2016,annual,Annual average,-0.08
2017,annual,Annual average,-0.011666667
2018,annual,Annual average,-0.25
2019,annual,Annual average,4.713333333
2020,annual,Annual average,0.215
2021,annual,Annual average,-2.3275
2022,annual,Annual average,-3.005833333
2023,annual,Annual average,-2.284166667
1895,nine_year,9-yr average,-0.073958333
1896,nine_year,9-yr average,-0.069306641
1897,nine_year,9-yr average,-0.072324219
1898,nine_year,9-yr average,-0.089241536
1899,nine_year,9-yr average,-0.169567057
1900,nine_year,9-yr average,-0.300253906
1901,nine_year,9-yr average,-0.313297526
1902,nine_year,9-yr average,-0.053662109
1903,nine_year,9-yr average,0.44671875
1904,nine_year,9-yr average,1.116097005
1905,nine_year,9-yr average,1.942255859
1906,nine_year,9-yr average,2.725478516
1907,nine_year,9-yr average,2.986057943
1908,nine_year,9-yr average,2.363258464
1909,nine_year,9-yr average,1.09898763
1910,nine_year,9-yr average,0.010136719
1911,nine_year,9-yr average,-0.252526042
1912,nine_year,9-yr average,0.141884766
1913,nine_year,9-yr average,0.615664063
1914,nine_year,9-yr average,0.922910156
1915,nine_year,9-yr average,1.008242188
1916,nine_year,9-yr average,0.716585286
1917,nine_year,9-yr average,0.228701172
1918,nine_year,9-yr average,0.130117188
1919,nine_year,9-yr average,0.541389974
1920,nine_year,9-yr average,0.864222005
1921,nine_year,9-yr average,0.708079427
1922,nine_year,9-yr average,0.318779297
1923,nine_year,9-yr average,-0.020250651
1924,nine_year,9-yr average,-0.214772135
1925,nine_year,9-yr average,-0.045524089
1926,nine_year,9-yr average,0.607076823
1927,nine_year,9-yr average,1.283811849
1928,nine_year,9-yr average,1.251845703
1929,nine_year,9-yr average,0.327734375
1930,nine_year,9-yr average,-0.876582031
1931,nine_year,9-yr average,-1.680901693
1932,nine_year,9-yr average,-2.138440755
1933,nine_year,9-yr average,-2.708268229
1934,nine_year,9-yr average,-3.329059245
1935,nine_year,9-yr average,-3.481126302
1936,nine_year,9-yr average,-3.020345052
1937,nine_year,9-yr average,-2.389016927
1938,nine_year,9-yr average,-2.030296224
1939,nine_year,9-yr average,-1.794895833
1940,nine_year,9-yr average,-1.132604167
1941,nine_year,9-yr average,0.000517578
1942,nine_year,9-yr average,0.933141276
1943,nine_year,9-yr average,1.25414388
1944,nine_year,9-yr average,1.317727865
1945,nine_year,9-yr average,1.515885417
1946,nine_year,9-yr average,1.722294922
1947,nine_year,9-yr average,1.688561198
1948,nine_year,9-yr average,1.479436849
1949,nine_year,9-yr average,1.268974609
1950,nine_year,9-yr average,0.961350911
1951,nine_year,9-yr average,0.25233724
1952,nine_year,9-yr average,-0.951289063
1953,nine_year,9-yr average,-2.299072266
1954,nine_year,9-yr average,-3.182724609
1955,nine_year,9-yr average,-3.10210612
1956,nine_year,9-yr average,-2.032763672
1957,nine_year,9-yr average,-0.601279297
1958,nine_year,9-yr average,0.356943359
1959,nine_year,9-yr average,0.567021484
1960,nine_year,9-yr average,0.34445638
1961,nine_year,9-yr average,-0.049635417
1962,nine_year,9-yr average,-0.542809245
1963,nine_year,9-yr average,-0.911842448
1964,nine_year,9-yr average,-0.921103516
1965,nine_year,9-yr average,-0.628011068
1966,nine_year,9-yr average,-0.161181641
1967,nine_year,9-yr average,0.459827474
1968,nine_year,9-yr average,1.067646484
1969,nine_year,9-yr average,1.38180013
1970,nine_year,9-yr average,1.466809896
1971,nine_year,9-yr average,1.744108073
1972,nine_year,9-yr average,2.392327474
1973,nine_year,9-yr average,3.005188802
1974,nine_year,9-yr average,2.988323568
1975,nine_year,9-yr average,2.204361979
1976,nine_year,9-yr average,1.172884115
1977,nine_year,9-yr average,0.571582031
1978,nine_year,9-yr average,0.523408203
1979,nine_year,9-yr average,0.641695964
1980,nine_year,9-yr average,0.815159505
1981,nine_year,9-yr average,1.384264323
1982,nine_year,9-yr average,2.34968099
1983,nine_year,9-yr average,3.052405599
1984,nine_year,9-yr average,2.931178385
1985,nine_year,9-yr average,2.07055013
1986,nine_year,9-yr average,0.864814453
1987,nine_year,9-yr average,-0.290136719
1988,nine_year,9-yr average,-0.94133138
1989,nine_year,9-yr average,-0.800768229
1990,nine_year,9-yr average,-0.042001953
1991,nine_year,9-yr average,0.932832031
1992,nine_year,9-yr average,1.828108724
1993,nine_year,9-yr average,2.456871745
1994,nine_year,9-yr average,2.765891927
1995,nine_year,9-yr average,2.883024089
1996,nine_year,9-yr average,2.840455729
1997,nine_year,9-yr average,2.350992839
1998,nine_year,9-yr average,1.151461589
1999,nine_year,9-yr average,-0.478688151
2000,nine_year,9-yr average,-1.760221354
2001,nine_year,9-yr average,-2.051764323
2002,nine_year,9-yr average,-1.409736328
2003,nine_year,9-yr average,-0.522692057
2004,nine_year,9-yr average,-0.117154948
2005,nine_year,9-yr average,-0.345996094
2006,nine_year,9-yr average,-0.699342448
2007,nine_year,9-yr average,-0.570026042
2008,nine_year,9-yr average,0.090449219
2009,nine_year,9-yr average,0.695416667
2010,nine_year,9-yr average,0.612486979
2011,nine_year,9-yr average,-0.091162109
2012,nine_year,9-yr average,-0.633151042
2013,nine_year,9-yr average,-0.459505208
2014,nine_year,9-yr average,0.102480469
2015,nine_year,9-yr average,0.430865885
2016,nine_year,9-yr average,0.464384766
2017,nine_year,9-yr average,0.603369141
2018,nine_year,9-yr average,0.931796875
2019,nine_year,9-yr average,0.924514974
2020,nine_year,9-yr average,0.143603516
2021,nine_year,9-yr average,-1.069391276
2022,nine_year,9-yr average,-1.99101237
2023,nine_year,9-yr average,-2.341337891
